4.295991216801128942e+00,-1.706312873675240427e+00
4.226385770520717955e+00,-1.176680225081869757e-01
1.862068803776321335e+00,1.117486734073394716e+00
2.655267826469634440e-01,8.109710847431019776e-01
-6.532018860217754685e+00,1.881236545435487073e-01
-3.505124193495927187e+00,-2.111913380423418307e-01
1.389607439365815100e+00,-3.421708963662006275e-01
-5.946976877362250669e+00,5.149183075312050439e-01
5.547559932563338236e+00,-8.871472194694426938e-02
6.286811715096812803e-02,5.229201282992982369e-01
1.256229605777844149e+00,1.340868812703412516e+00
-1.099646469743019495e+00,3.113492040216191969e-01
-3.034501228463354572e+00,1.399145075416832196e-01
4.184341021297057206e-01,-6.563957806475941015e-02
-5.409453695556200259e+00,-9.230355132629398940e-02
-5.229230234002521627e+00,-5.976547645180279034e-01
2.443908125852914281e+00,7.014501201610082726e-01
6.033549369833153264e+00,5.932952640926966170e-01
9.309936008054039425e-01,1.134670326830867770e+00
-2.655784919684021972e+00,-6.730674523030603928e-02
2.874153054407549757e+00,4.638901606657660354e-02
1.356158205088890512e+00,1.507359767833183817e+00
7.923317028125524075e+00,-6.091066520806954765e-01
-4.754364622589850597e+00,-7.436560549931462427e-01
-5.500986297517909129e+00,2.673950201294341134e-01
-1.723611946872811940e+00,1.747843654136201075e-01
-5.492189841888746038e+00,-5.188694136664987466e-01
6.386516677126337527e+00,-6.553535439132678331e-01
1.843988288417347965e+00,-8.589987037792141678e-01
-2.264223806090904123e+00,-4.396843613779167770e-01
-7.931266327700389196e-01,-3.888280999381882319e-01
2.293246487375979026e+00,-4.744069530004866309e-01
1.558392657673492332e+00,-9.250387311733406781e-01
3.616865725507322882e+00,3.321901490933518164e-01
-1.138826991559091173e+00,-7.574294803310998025e-01
-2.527418264912993373e-01,1.126853941241810153e+00
1.995707940282106518e+00,3.423361240457616778e-02
6.733763625990925483e+00,2.676965484150139463e-01
-1.981994505377650206e+00,2.530102798474992420e-01
-7.096300441313176943e-01,-3.344894664479820534e-01
-7.062646668929803973e+00,-1.228707658943135383e+00
-2.594173869318575409e+00,5.560326945151940203e-03
3.381298985285178027e+00,5.649937042494271866e-01
1.575076926753009809e+00,1.205244083580850667e+00
-2.799691338768525828e+00,-4.337251076398332406e-02
-7.309254587356474042e-01,-9.620898819721505069e-01
2.901972934644585222e-02,1.054289977668330325e+00
6.322084000435596707e+00,6.933171834946755263e-01
-2.297987576578136792e+00,-3.415496553512633593e-01
-8.931885088436097853e-01,-5.929066313711144343e-01
-8.204803142415988404e+00,6.064849562785131765e-01
-2.256267115849679428e+00,8.564554167285440833e-01
1.553228549891439991e+00,2.589808329238905138e-01
-7.359435211400672472e+00,4.993696366334895442e-01
8.848640014635819284e+00,-6.273541177411553482e-01
-3.237942427305753323e+00,1.164207691095520136e+00
-1.517021490448280607e+00,8.036150685806942029e-01
-8.005114360650150696e-01,-3.856524662979178841e-01
1.562923933719230218e-01,1.892698086386189471e-01
2.941363955546907771e+00,-1.247909346661483371e-02
2.269521243316366288e+00,-1.411425040283366961e-01
-5.104898681650466230e+00,-8.683848797898806593e-01
7.763576901704484001e+00,4.563132596678085573e-01
4.595525232012357186e+00,-8.419115029611617951e-01
3.433606032133500019e+00,8.631008374366117009e-01
4.575702463671777132e+00,4.493249937899258528e-01
-5.644718853373801082e+00,-1.428581887358904290e-01
-3.974909448566040115e+00,-5.385557640466919205e-01
-6.379111215182338590e+00,6.098100388522906812e-01
-2.922072059367545549e+00,-1.326752704089988688e+00
-4.490496951213737375e+00,3.850196540896132502e-01
3.774354553820947977e+00,-3.659114710617342170e-01
1.265465260523111812e+00,-1.309698076012670298e-01
2.911965820642735014e+00,1.265532197245039514e-01
4.817380513127473840e+00,-1.842576312366496216e-01
5.776746553000558393e+00,9.448046437860720126e-02
6.090845151320822382e+00,-2.555835577255196611e-01
-2.572238338036948679e+00,-1.825252541258056138e-01
2.341761143454509142e+00,-3.110775780337213803e-01
-7.823151354204545882e+00,-9.641652370691418117e-01
-4.136235870746055809e+00,-3.487803067582926353e-01
-2.463707394525834538e+00,1.533612676452819512e+00
1.442380754312465152e+00,3.680331839248527914e-01
4.544155220818339558e+00,-7.180804634809893061e-01
-5.218457052781565686e+00,-2.284642438485889604e-01
1.191845357506791547e+00,7.235199023615384029e-01
-1.915465091645458973e+00,-9.377718623126827246e-01
-8.303649932053536187e-01,1.022162405770908444e+00
-1.770860145423642784e-01,8.038544479836977619e-01
6.296978439430078289e+00,-1.554012154936029289e+00
-6.935518419380548583e-02,-3.907321626626062971e-01
2.268669876380090766e+00,-1.017252580505580095e+00
-5.488918392612394115e+00,1.154677208540472177e+00
3.788485584209782431e+00,-4.625343125033677949e-01
-1.915377353481263756e-01,1.968078777349224540e+00
5.077260622652129740e+00,8.636264688604416984e-02
-1.040018085721773122e+00,-5.390280513298597448e-02
-4.977390687952855330e+00,3.311663636808090949e-01
-2.847465653595771862e+00,-3.276553362789751955e-01
5.985433405206400437e+00,1.268768002598265054e+00
8.670946292422888613e-01,8.090730514653341476e-01
-1.822530871393310825e+00,-8.334883345235962748e-01
7.105228366098230275e+00,-5.798573769132582267e-01
-5.706872643571236914e+00,9.890586908022661605e-01
-3.239732898648478798e+00,-5.627078654256935097e-01
-4.641615536346994197e+00,8.287411672286599806e-01
-3.258241858965058135e+00,-5.575855536489240372e-01
-2.697530996543295423e+00,1.013112496840783416e-01
-6.766941368119275824e-01,-5.197624078373905832e-01
-4.896830681290530229e+00,2.825255667584192776e-01
4.336407929298863095e+00,3.278006786094087022e-01
7.581472030397392592e-01,-6.363217964936469517e-01
3.109093630785429330e+00,-2.101345701902192165e+00
-2.709299870764724893e+00,-5.168506128018619528e-01
-2.429636967984867724e+00,8.785233770291701605e-01
2.009263415990565349e+00,-5.409762018238758463e-01
-1.974497526736181063e+00,-5.242117223468486520e-01
6.811246388585605605e-01,5.508434560984419581e-02
3.046985922322313911e-01,4.793303862402403248e-01
-4.006611129343909283e+00,-4.680023148466415650e-01
8.704363349805426253e+00,-9.198408753866290644e-01
9.863026904309997178e+00,-4.295087751540213605e-01
-2.278104697311489790e+00,5.072705717959414828e-01
3.456237168635659440e+00,-1.220797774141220593e+00
1.006268223863032318e+01,5.694034317496462494e-01
2.725275341704803900e+00,-5.327273461526621512e-02
-1.540230550876626747e+00,9.485606949969483948e-01
-2.914934702445362458e+00,7.913363166248831015e-02
-4.443314682725383769e+00,-1.561265913277169126e+00
6.933482501310886947e-01,-9.034621315313512424e-01
1.787452169783099176e+00,1.941867042455902137e+00
-3.079347845945284323e+00,3.882006112884917592e-01
-8.874216091189719435e-01,2.553143585100691171e-01
2.767756881586849182e+00,-4.407593976914486733e-02
-1.046369223479419741e+00,2.011560819906481890e-01
1.359067623713606232e-01,3.360312709104901902e-02
-1.389535201566310718e+00,-2.624482772201053860e-01
3.815448569601189277e+00,-1.512517693991804357e+00
-2.557724197134322086e+00,-3.582448530958414756e-01
-6.643017945899862831e+00,6.079748977158553336e-01
-3.342767618136219809e+00,-6.686532445102181255e-01
-4.390628512308314413e+00,-1.567638994865062418e+00
-6.195478676331336310e-01,5.692289331296401800e-01
1.217139931440728517e+00,1.528822991737897319e-01
-8.374365567384467468e+00,1.776851451768713883e-02
-5.749061141144998999e+00,3.305008200900561716e-02
2.985943847763137260e+00,3.104118145910695903e-01
9.620837750746412675e-01,1.222917280115789707e+00
-1.239624299762370763e+00,3.057694976848002177e-01
-6.457772139187031302e-01,-2.998558011661479616e-01
4.503931205389870573e-01,-4.604952068190066861e-01
-1.373991950089953118e+00,-1.146799724167331780e+00
-3.319391017746546879e+00,5.888004045846912948e-01
8.941961015164915594e+00,-5.952652207506758941e-01
-4.525477379363415653e-01,3.815148463732033757e-01
-8.696162990734784159e+00,1.835191291393372781e+00
-2.162225626354699504e+00,-8.102201094986660745e-01
4.513110573292762773e+00,1.118678433277518813e+00
-4.058155141357885576e+00,3.205420174731701127e-02
-1.334088015174345720e+00,-4.701040962758049058e-01
1.714021559627881164e+00,3.673729493150246217e-01
8.195517169764633181e+00,2.562836877927862078e-01
-2.127270408950865110e-01,-1.184707164432942328e+00
-8.121548401440032983e-01,2.577453836437212931e-01
3.585362224377475648e+00,5.435838580651960322e-02
-5.260282131875498202e+00,-5.456078178125779443e-01
3.018211817676601516e+00,-1.299194179216105471e-01
8.261455451103509873e+00,4.223309965831545942e-01
3.768280113365956918e+00,5.951954171516468106e-01
3.149252604210773132e+00,-4.062711500427103051e-01
3.652973701147275598e+00,9.702821316758067915e-01
-1.905488456891061833e-01,-7.100639141301303692e-01
6.368310871682678620e-01,-2.787919656339022390e-01
-8.290887050012786474e+00,3.700216197243650362e-01
2.231406441856073730e+00,-7.109186057848176921e-01
-1.630679526850652872e+00,-1.364337536989864041e+00
-2.419066610991999211e-01,-1.160887594568161402e-01
-3.585434410599586119e+00,1.030833796376410261e+00
-1.450992565484140462e+00,-5.384699456918716765e-01
2.077973107582199219e+00,1.330057027214827381e-01
-5.159331727935976275e+00,-4.737534053241428955e-01
-1.123292240056407376e+00,1.025912206559472517e-01
1.998939070021807485e+00,6.187469329220049996e-01
1.575894337635492581e+00,-5.519091108280022723e-02
-1.214823586628172247e+00,-1.348215723821805767e+00
-4.727376862980238736e-01,9.828888448287091961e-01
-1.067081876690808429e+01,5.744380782190116053e-01
-1.326736232922191672e+00,7.596825467102867879e-01
-1.366301071902456643e+00,-5.575775135416759232e-02
5.224898234708001965e-01,-4.511806092602472229e-01
-3.527184356861057801e-01,-3.043596770560449407e-04
-1.769141999683032651e+00,3.096644183280112261e-01
-3.299017589112785753e+00,4.275534972007164099e-03
-8.136318383422656453e+00,5.253245959927848041e-01
2.635809129669055118e+00,7.663587786546396941e-02
1.493894142887242982e+00,2.704734735926404010e-01
-8.287891589571698248e+00,-9.522633421217322480e-01
1.005299647169070720e+00,1.011597861479781812e+00
1.088059692194385475e+00,1.652514879945725657e+00
-1.042950035891372362e+00,-4.517180626828035117e-01
-3.053716218489829076e-02,-2.344616437220398419e-01
3.259824914242346772e+00,-2.692080242029512016e-01
-2.065427228337825216e+00,4.502566528090857778e-01
1.299767167976070281e+00,5.524828410126070288e-01
5.074093571676113079e+00,7.652500393941302770e-02
1.686978601228323327e-01,2.987647681204267935e-01
-3.688301029290462996e+00,-2.752619578692220292e-01
3.406186264255082752e-01,1.167855214665571406e+00
1.818723297074576140e+00,1.307633908386988120e+00
-4.256859565063142448e+00,-2.520755309917249720e-01
-3.401412612211906095e-03,1.553187169059059014e-01
-2.886681652612285376e+00,-1.178903195499355211e-01
-5.461646849521222258e+00,-1.826161847283039652e+00
-2.791287018403694642e+00,2.459312174341984625e-01
-1.679500873588550602e+00,-1.221246122980912396e+00
7.116247821330742296e-01,8.782469008952202838e-01
1.438420269493463133e+00,7.818094074295384166e-01
-9.548065969600550984e-01,-3.876093006484284675e-01
3.955359197562960727e+00,6.571250736508239543e-01
1.330814581106420480e+00,6.589986662575600951e-01
1.953250665717743528e+00,-5.234819682155882337e-01
7.929250502442011239e+00,4.850524259802380111e-01
-1.136828937196066480e+00,5.455901017528598240e-01
-1.290629637407461061e+00,-5.004568217069329528e-01
-3.344641695488978606e+00,1.187082272249385451e+00
3.284384244056341551e+00,-1.096477184120018489e+00
-6.693507424186534438e-01,-1.750349859931441543e-01
3.918536375693439489e+00,-2.776642056942250081e-01
1.244904597981908223e+00,-5.636165608194595444e-01
5.646839861668716543e-01,1.007615185896870713e+00
2.739297241626404755e+00,-8.188541255261628793e-01
-9.838447439777668890e+00,-9.771650095883614717e-02
8.673873861474202807e-01,-1.641448755306742779e-01
1.082039656225089175e+01,-7.599410938778469182e-01
4.277322805586477372e+00,-8.964558330968337430e-01
-8.622317871309167492e-01,5.126492413840501305e-02
-4.097617886869766579e+00,3.660538653608617632e-01
8.410710268629028041e-01,-8.839064437594358337e-01
-2.021054689838357454e-01,7.596269955462733314e-01
3.998792892155138112e+00,2.990027431868589880e-01
9.658937987865905406e-01,-1.685532936337902132e+00
-6.439550647348094792e+00,7.548317373145019271e-01
-1.279493947155965483e-01,9.515869809800598933e-01
2.012405046136488185e+00,-3.017005362670108215e-01
-2.635731755646121943e+00,3.829842310622492696e-01
-1.425314613800410246e+00,-2.478932486353942199e-01
-1.027054041810896878e+00,-6.576906384814630302e-01
-7.666717161081717968e+00,1.096719845585902409e+00
-4.730744409466486999e+00,1.870205042376318350e-01
1.009041250941151269e+01,-1.514048040927249872e+00
-9.373696183026813955e+00,-1.259103298648539537e-01
3.824591471241395091e+00,-1.567888994201224184e+00
3.928228454673939218e+00,9.250208900706078374e-01
5.339623841604442811e-01,1.480055153048644434e-01
-6.284018717478971006e+00,6.274719634275232050e-01
-4.133752010156983125e+00,-3.337949097369217188e-01
-3.442361017591613059e-01,-6.927323105437501738e-01
-8.469147041941995635e-01,3.194992355078721258e-02
3.760485878585798858e+00,3.672361301525886024e-01
-5.751156695892191140e-01,-8.428870913628830897e-01
-6.865676160659476501e+00,-7.683145397159849566e-01
7.781152765093902746e-01,3.019863519213481506e-01
-1.353644796946832818e+00,4.493793429730414957e-01
-1.628722567611047944e+00,3.983052592803904002e-01
1.410898138849972394e+00,6.497055030296917666e-01
2.327348505126358269e+00,2.859986842505506388e-01
4.341975396163382239e-01,9.260119905143172625e-01
3.176751955495091817e+00,5.988117267790600273e-01
2.877195815376277555e+00,-8.529535458611087195e-01
-5.427851260687067914e+00,-7.353563332706108957e-01
-2.776352372804328006e+00,-1.006851045263565218e-02
-3.663813339225490129e+00,9.831676450949081714e-01
2.736028345966466269e+00,-3.605586431154694793e-01
1.046844503464390286e+00,1.194213068252446552e-01
-6.224020304728390407e+00,-3.399525770767319321e-01
2.899500096430721818e+00,-9.546233572764608599e-01
-1.089628213586294470e+00,5.617666080399589257e-01
-3.459185995437245253e+00,4.077966824054790607e-01
-8.777104605169604667e+00,1.239555618184661867e+00
2.831276552526074686e-01,-1.188698269486241577e+00
4.098520914378954494e+00,-8.591782866380414108e-01
-7.861884576114206880e+00,-2.298214288209727285e-01
1.694464500850110911e+00,-1.797572099359867337e-01
3.050666781776123049e+00,9.423145918966477907e-01
6.140797799088415942e+00,6.426650526034424216e-01
1.003315062488764786e+00,6.567074284463150780e-02
1.415105316477777153e+00,-5.097078063859075137e-01
-1.394223629938776243e+00,-4.675066230053787630e-01
2.165087857618752665e+00,-6.400529979595822594e-01
6.345382320583670577e+00,-3.358158705791228216e-01
-2.029111233663347225e+00,-7.571111463482363968e-01
5.781054727881295818e+00,-2.388878751875659068e-01
-2.831334239692258503e+00,8.246244192811966189e-02
8.728153419514386613e+00,1.850137026852461064e+00
-1.968179766331718872e+00,1.607085661552090650e-01
-2.510945271798215916e+00,-1.328561980549126886e+00
2.517108128521689192e+00,-1.681040114367071958e-01
-6.830656988127276286e+00,-7.533410564030019740e-01
5.292446597090640026e+00,1.653014067355728367e-01
-6.395264965111335798e-01,-7.308998750316687831e-02
5.016737618587390202e+00,8.360913034037685820e-01
-4.471185037083036384e+00,-3.722667525616713546e-01
2.642306657285726335e+00,9.297369803766100116e-01
-3.556137497968789481e-04,9.861779304988976813e-01
4.261904902561457043e+00,6.928461749329568597e-01
-5.782544823126443134e+00,-1.267057970366414488e-01
7.218916424192751702e-01,8.700133473602018608e-01
5.135540378721021426e+00,9.449869536893663879e-02
-8.223336295552085673e+00,-3.942524477447125197e-01
-1.502216986394087073e+00,-5.681055492292272913e-01
-7.003149543602095184e-01,-4.960019061628641035e-01
6.111855190751207978e+00,-1.157131462970603542e+00
-1.596863582513130098e+00,9.940704653833194460e-01
-1.021067838417606843e+00,3.058640658455270001e-01
-2.578169463285658880e-01,-1.038863761109432460e+00
6.825167679988068059e+00,9.925029677533381278e-01
-3.114622141367539676e+00,1.449376656988995427e+00
-2.532911174914380670e+00,-3.046048418553076731e-01
-9.827433624928163525e+00,-2.867768166382048123e-01
-5.049204056296465737e+00,1.253385457687397730e+00
2.554848104943190368e+00,2.590164201314183387e-02
6.910542782075335566e+00,3.833216639071183596e-01
3.451717509454011457e-01,-1.975782154654818434e+00
-3.719495096556419078e+00,7.777212350223411397e-01
2.881996842806049397e+00,-6.532374934803016897e-01
-5.844390219128804409e-01,-4.185779383038181756e-01
1.751749529223229462e+00,1.160276113572544371e-01
-6.312990544804478965e+00,7.119096688229952230e-01
-4.476442468065457148e-02,-6.228326197253078456e-02
4.100912629237023488e+00,1.663420776155623282e-01
-2.176088343035326389e+00,-5.969076476235962714e-01
-5.054579257222213684e+00,-1.958896089295786014e-01
-5.398237867925706368e+00,-3.585273142131046309e-01
-3.231665040858918037e+00,3.891424027255686591e-01
-3.777652070772029802e+00,-3.892584090929566976e-02
-6.106179759926988027e+00,-3.620938745333350806e-01
1.139716662196513575e+00,2.668605972095398071e-01
-5.777043412594563776e+00,5.306668442524989926e-01
2.941658926019158127e+00,9.092624886587767907e-01
6.750474710240123244e+00,-1.464857841312701692e-01
-6.213743659571622363e-02,-9.836971737218765943e-01
-1.154918426131674813e+01,1.031771003167424872e-01
-3.037626099048589712e+00,3.566188265542567515e-01
-1.063794527272682533e+00,-1.765174618388574979e-01
-6.311351020759659036e+00,8.091511028339206657e-01
5.229711524790107369e+00,1.356975249265156280e-01
6.382983463817509806e-01,-9.396067944552234374e-01
-1.777061346489158478e+00,4.845228854915038519e-01
-1.574416311343385333e+00,-7.404003328811600282e-01
-1.148536327763092002e+00,-1.178847904013781589e+00
3.800571543066549873e-01,1.073621981494612271e-02
7.143028911784876200e+00,-8.747301440541573880e-01
6.683921889114808890e-01,2.610606338698709394e-01
5.273399865821790655e-01,-4.442297743008568056e-01
-2.124766798208157947e+00,4.890148960109982901e-01
3.597737659150405332e+00,7.540205997057821685e-01
7.463108505487515032e+00,-5.934279284159996726e-01
-2.980851503806071445e+00,6.198528796840229171e-01
8.113274538408832726e+00,-1.117083730213436626e-01
1.768478813923210824e+00,8.717243434494208465e-01
3.160122596541879325e+00,6.675250179574376830e-01
-5.489776918324508204e-01,-2.356490409000654845e-02
6.418436448411136475e+00,2.577897015398205594e-01
1.286024246661208625e+00,6.824784233023198921e-01
1.325446029400983994e+00,3.812718470728194697e-01
4.824422241638973041e+00,4.021270719583979192e-01
-3.212881776175261717e+00,-5.921020258394265046e-01
-3.026657238268002370e-01,-4.572168224294390071e-01
2.578511155989208437e+00,-5.624447818400635235e-01
-2.435377675452622681e-01,4.260522639484358720e-01
1.329864183639836828e+00,3.411097223257849587e-01
3.386569955228427298e-01,-1.001121640772449917e+00
2.276096816787205768e+00,1.190418393480397047e-01
4.097756523551837615e-01,-1.421150118099874682e+00
2.101963019568226620e+00,1.546373436667231593e-01
1.905007298975935903e+00,-1.632471050183181560e-01
-2.585945335301618186e+00,-1.163018899838091258e+00
6.379786352040789588e+00,-3.713717081881581783e-01
3.661403282917278901e+00,-3.077904067149551670e-01
4.912304288879925984e+00,1.286503483012731541e+00
-2.487429852983303658e+00,1.228625383234211721e-01
-5.634497304564082265e-01,1.320866282358459654e-01
-1.220292748717615172e+00,1.373737550923890272e-01
2.894363954830344365e+00,-1.999167376444647981e-01
-5.922260728035303678e+00,-2.933346917213351390e-01
1.590631599674363628e+00,-6.919330044189102580e-01
-1.713878080293209205e+00,-2.564693265889121387e-01
1.035151094668052352e+01,4.164188909618574130e-02
-2.599332852976972072e-02,-6.797789422491750111e-01
-1.243186404679720880e+01,1.676712574778829734e-01
3.480957428462037040e+00,-2.820161983490283575e-01
4.343866592711508545e+00,-1.345117387849697477e-01
-7.419787961245196684e-01,3.655208644179158001e-02
-3.062978530784629339e+00,7.640013959210352201e-01
-5.281744537594598166e-01,1.456405003641799700e+00
-5.693890206873494897e+00,-7.055883763733639125e-01
7.581070569018879546e-01,-4.377951070799109834e-01
2.475460906726559163e+00,1.424165795479610752e+00
2.514016514398508484e+00,-7.061884147699483139e-01
1.495692094045288911e+00,5.366910953474122309e-02
-3.669794342570563472e+00,-3.284676095218073966e-02
-1.737357199551857301e+00,-6.090683536322054614e-01
-1.243553075565169364e+00,2.945593359251810761e-01
-3.543661145781770827e+00,-1.326706085268601620e-01
-1.407624534951213313e+00,-6.522024813953306577e-01
3.036008154108161161e+00,-6.468786818159708574e-01
-7.426628527980745353e-01,-8.807767248683199268e-01
-8.200938071049916900e-01,-2.162004494537554389e-01
-4.853405491166347119e+00,-8.197174910497968536e-01
9.138197451056987441e-01,-1.725166815518629215e-02
5.785726205986199133e-01,1.032134163309039065e+00
5.645797854036311847e-01,1.848732438371919251e+00
2.526963050763060714e+00,1.624673669511236929e+00
-3.709018779638358687e+00,-2.358363067886512510e-01
2.478799303774683466e-02,-1.124076127229751254e+00
3.117981786102091757e+00,6.034046420768008900e-01
-1.370470338519153009e+00,1.063217479984982727e+00
-8.212872545811871206e-01,-1.275805499358255934e+00
-3.994417819297974237e+00,2.764710389796005141e-01
-2.329222879531409607e+00,-8.521964768200811502e-01
4.903695196663207523e-01,-6.115064655420047145e-03
-1.398980883196707881e+00,6.388493396784401535e-01
-2.692990161031767915e+00,1.086746985590567149e+00
-4.629116811267053322e+00,7.570386272085074530e-01
-4.297643882825618711e+00,-9.535029110677635256e-01
-7.427762411201991988e+00,-4.390194304076829729e-02
-3.985079322651887135e-01,4.865082180737464318e-02
5.710451797150546405e-01,-2.240539933619049295e-01
-2.700546172138489354e+00,-6.745530062383635166e-03
-2.183803990768310666e+00,2.276642327570347346e-01
-8.237054863676261718e+00,-6.036775149813762287e-01
4.220565025591823449e+00,-4.671485874294855067e-01
3.979726317278498016e+00,-9.351480432078232430e-02
-1.204402309460726173e+01,5.895841905351546786e-02
-5.102384925885145028e-02,-1.231666422979650205e-01
-6.604873756913974603e+00,3.938650895429516435e-02
-3.894805254484372981e+00,-3.144788725243359284e-01
9.042074733844749357e-01,2.317713796928065340e-01
8.211449338433743250e+00,-6.081946963647780757e-01
-9.123856377093117476e-02,-1.548818610040711696e-01
4.077597554118268519e-01,4.143678368510801957e-01
-5.375807123199169979e+00,-2.672808226640318793e-02
8.869439505689824088e+00,-4.506225116319221846e-01
-4.933264841664607658e+00,-1.340343651795159463e+00
8.592755665808633481e-01,1.720219956657492444e-01
-3.780191343604420329e+00,3.733968995450970187e-03
-7.937004891360301961e+00,1.440297826249707036e+00
5.235018349255167180e+00,-5.325305185902036165e-01
-3.294549846175023777e+00,1.717331130723321664e+00
1.345368012171165084e+00,-5.920016697125982663e-01
1.539022883899137994e+00,-3.017295221154087659e-01
2.068225643525438695e+00,-4.940587471055178370e-01
3.511721038849294541e+00,1.595917230212982041e+00
9.019357726104827222e+00,7.959815773480942713e-01
-8.228959146651341428e+00,-1.141520719806597306e+00
-1.325854483610935164e+00,4.906922786318027585e-01
8.975787985528851820e+00,-1.162857130448607945e-01
-7.210840335035998194e+00,-1.134736463259163330e-01
-3.903577961129885310e+00,-3.674475291006507605e-01
-5.363107396433099971e-01,2.767878239841810584e-01
-1.079549324556928758e+00,-1.234950280082582896e+00
-3.424179427505260165e+00,-6.332977209269634311e-02
4.505718189440796606e-01,-4.216668204660621311e-01
2.816241947019972741e-02,-5.990372743023154589e-01
-5.485707710061907605e+00,-6.219708572496640553e-01
-5.892426576895739565e+00,7.205935742842299874e-01
-1.285034890370296168e+01,7.569227929994115645e-01
-8.956743475136327848e-02,9.671414470064717758e-03
-1.487138083415605605e+00,2.238328297124952404e-01
-4.866369525305357380e-01,5.878049065797652517e-01
-9.196160191875488721e-01,-1.047805719854635886e-01
-3.154919402091237446e-01,-5.641748572919333959e-01
-3.431124585689369066e+00,-1.142562622933797900e-01
-6.453264344001006236e+00,3.371935057561785132e-01
-2.263257234924351380e+00,-1.889784385894653918e-01
-5.969967984789378512e+00,-1.427488427826841336e-02
1.289853800923536964e+00,1.501994123361524991e-01
-3.912468115898570797e+00,-1.142691394798599047e+00
-4.189869299822900572e+00,1.935176242203971442e-01
-2.412745663005302355e+00,1.621202675371484769e-01
1.608698672552872244e+00,3.306025945916492015e-01
-4.722471945165432894e-01,-4.182168385597995197e-02
2.679668635572390656e+00,-1.063557533925984400e+00
7.794022944477006831e+00,4.882749268676074561e-02
-1.814258612714108043e+00,6.929291332041175311e-01
5.810465766308539060e-01,1.861462671476750430e-01
-5.306417056696333567e+00,6.524532434489725974e-01
-7.270054855950181860e+00,-2.407938726380159933e-02
-6.724226289854176919e+00,1.188585298952914288e-01
8.385187138266260165e-01,1.137297284459021091e-01
-1.639397167820592527e+00,6.715082746205683906e-01
-1.114096125504350443e+00,-3.697816221452105978e-01
1.411420817127230776e-01,-2.869932300499110633e-01
6.942980112697352268e+00,6.908728576902060103e-01
3.830558493727483249e+00,1.167611128168314583e+00
-4.218241581766745796e+00,7.152215899216095574e-01
5.825133336660027084e+00,9.912645978328875618e-01
-2.381574071103154999e+00,-5.590808314643841426e-02
-4.743990019026028904e+00,-8.037610877262629794e-01
2.757208776080091628e+00,-8.283818445767116012e-03
5.000808085035647110e+00,-1.632312171088460828e-01
3.291157275283799866e+00,-2.331468756730999126e-01
2.768898391034974704e+00,2.172492422010761093e-01
4.939247981591737613e+00,-9.542807103197626928e-01
-1.238078365195849795e+00,-1.101567267459869548e+00
-4.126419671466891259e+00,-1.336344823417422445e+00
4.192983644482895400e+00,-2.274993492737746870e-01
3.191106479868774937e-01,-5.893623006586272695e-01
5.674767804541774652e+00,4.947990988054515871e-01
5.285812589672471695e+00,-1.192254505309796375e+00
7.274412996028424949e+00,5.088230073699618883e-01
-2.023283366519737392e+00,2.096762644989449420e-01
5.114090749785605849e-01,7.910471809089566486e-01
-2.716346889114669594e+00,-1.559994733085113550e-01
-6.671615286354691143e+00,1.201505542069980725e+00
-2.218468188975988298e+00,-7.510428946638879610e-01
-3.588508468980668553e+00,-1.319844883247868639e+00
1.542410003150528064e-02,4.763874282921192194e-01
-7.961617065441604524e+00,-3.750960568166190889e-02
-1.417876223434747507e-01,-6.168805441006556256e-01
-7.579193769738807873e-01,-3.755727019725487170e-01
2.802627307302784754e+00,3.319244489462918057e-01
1.965630386940065311e+00,2.211992154427336044e-01
7.753894683360268658e+00,1.086066478832135918e+00
-1.296062389934281023e-01,7.344164859875025320e-01
3.086756200472229317e+00,3.192740277528288151e-01
-3.686624325385721601e+00,-1.976805316837406679e+00
2.909743166104279855e+00,-2.415433752406164758e-01
-1.533206368348351889e+00,-9.994014540562039528e-01
1.554204499374577608e+00,-2.412776408045042564e-01
8.264113789682235589e-02,-1.018981892044659165e+00
2.969959708703755918e+00,-2.552232941315722425e-01
-1.581637397909391618e+00,-6.874660436312071132e-01
-5.470649044890605772e+00,-4.967437577138719140e-01
7.462260750977996793e+00,-1.687929364616167716e+00
8.121020492215778042e-01,8.537744706876094769e-01
3.092714495162447008e+00,-1.400697516471168358e+00
2.931847490850133742e+00,-1.243907755628068934e-01
-1.032080497473154335e+00,-3.029906111561597171e-01
-3.962041249600110948e+00,-8.681235187164619838e-01
-2.694656179153392395e-01,2.047113560133765886e-01
5.345378623588496581e+00,2.020973370977361683e-01
-8.207795627179649500e+00,1.146462914454094761e+00
-3.260592280945131094e+00,-8.255537426204904994e-02
2.776983513866060002e-02,5.127340650780066733e-01
-2.937099124468436795e+00,8.849780962908776472e-01
3.828234087447439649e+00,9.349390940775037517e-01
-4.868307025954871747e+00,3.232302518261463975e-01
-2.809671623346414293e+00,1.111319688637758762e+00
1.499191377221249288e+00,4.908406088751221530e-01
-4.954029387031143372e+00,1.877418596781559867e-01
-2.916027999870116183e+00,-4.524330056766630581e-01
2.876777521538558258e+00,-7.020812260259682303e-01
2.249556679348086341e+00,-5.076076664521395054e-01
-3.412953035519343814e-01,-7.365678755524206200e-02
3.714803891598846830e-01,7.086332331231408599e-01
-3.026875060697973741e+00,4.402723810350088751e-01
5.553360572564358222e+00,1.020420705360568059e+00
1.926907213899727411e+00,-1.288177049226472359e+00
-7.382369518616686221e+00,2.311684145652313435e-02
3.444584700272563804e+00,-4.826148452988979383e-03
7.662940484835104385e-03,-2.459910298190323419e-01
3.141375430582578954e+00,1.608990378127622689e-02
3.933172364432859780e+00,2.793732507142872024e-01
-8.318585855930819006e-01,-2.129269280214761070e-02
4.130368204812611133e+00,6.916909882540551655e-03
9.618021184057227169e-01,6.549327698691177757e-02
3.487938267173062101e+00,9.909673951835987760e-01
4.652482118458842741e+00,4.904524818131764802e-02
5.029928723383847000e+00,1.573570569269091335e+00
3.751552202961719651e+00,-6.191455792707228900e-01
7.403769900193675202e-01,5.421246757618741752e-01
-2.672194187292672440e-01,6.201546639910247016e-01
1.131608821171043111e+00,-1.645677679526683646e+00
-4.411269055231611169e+00,1.883304697640301728e-01
-1.857670275911787794e+00,-5.499353473478846288e-01
9.169978005507489982e+00,4.318294597671168411e-01
-4.035370076538600692e+00,-2.271446528929988717e-01
-2.114754406491209104e-01,-1.181060554285282560e+00
-9.036051918664780302e-01,-1.594322978189630646e+00
5.042647212576536475e+00,-7.157661038100111561e-01
-2.730015082258340442e+00,-4.902794887540491420e-01
1.092566053059093711e+01,5.318506857743156013e-01
-5.787224050683215992e+00,-2.015329072767610419e-01
-7.251238394252292885e+00,6.860023612578700636e-01
4.034248993511800663e+00,8.078147379261396699e-01
7.712787185313561444e+00,-5.772214677264009275e-01
-2.074115737655824354e+00,7.673013056505827434e-01
4.091079097135372322e+00,-2.954893709377722777e-01
6.437825739643177947e+00,1.030682976263288753e+00
7.096228976032725733e+00,5.348894536715641523e-01
7.763022781335661426e-02,-2.389801358896335645e-02
1.846095510136766871e+00,-1.025130559034884981e-01
-6.186339524866197870e+00,-7.784768910681911791e-01
-4.616823546729890815e+00,9.770298816401730146e-01
2.542990173911828133e+00,-9.241019745106243688e-02
-3.433846216234698989e+00,1.566411786879298607e+00
-4.650837251667553907e-01,2.021038732551249328e+00
-3.755751191463043259e+00,-3.438839507288473096e-01
-5.403653419930141588e+00,-9.151851282652613898e-03
-4.109452955648123407e+00,-5.730994428614146763e-01
-3.123427441545051586e+00,3.310434705659182630e-01
-1.868151499197006737e+00,1.104879992754335682e-01
7.514057667934045170e+00,-3.559068415843721356e-01
-5.314937302978765210e+00,-1.374471965409414409e+00
-2.607995532219075319e+00,6.997912817873308544e-01
7.352973360296007677e+00,-8.330622515287966490e-01
-9.789512836588304401e-02,8.991274043871629873e-01
-9.222668777917907290e-01,-1.487225955656403142e+00
-3.130895127187049987e+00,6.645194597429775474e-01
6.574181226166177228e-02,-5.602500143342932226e-01
-7.142188234816174153e-02,-4.957519853966867451e-01
-1.440439052889614935e+00,4.663033425599384385e-01
2.700340114632418853e+00,-4.719933377016362064e-01
-2.329779185248242790e+00,6.471632471879387727e-02
2.656351029932253915e+00,-1.187292545318443748e+00
-4.510272465783126128e-01,-9.631875733529902117e-01
6.235195918886263122e+00,-7.321959296142361850e-01
9.024877336686852658e+00,1.201369161573506705e+00
1.557271390957420287e+00,-9.403983431032696405e-01
8.049218173577201707e-01,1.017947479905947361e+00
3.828798578206622505e+00,8.082808309021033422e-01
3.108986477349765742e+00,-2.988967997696042600e-01
3.188361939724317473e+00,1.380084755411375097e+00
1.997558531500234436e+00,-1.373451879658528441e+00
-7.710427047434389447e-01,7.464992825778468122e-01
-7.381738835721355363e-01,8.983427461900458932e-02
3.130277492304410547e+00,-3.770686442789596970e-01
4.977084894227195022e+00,8.963466610972320447e-02
5.040356819700805291e-01,1.356440543716459501e+00
5.232480891472826023e+00,5.699885179880372910e-01
8.352601711545307728e-01,-2.216716367218414807e-01
9.635828896330184135e-01,5.789935221815507571e-01
1.183946877706728351e+00,-9.823755599905573677e-01
2.449225839308462938e+00,6.496829571194524533e-01
-3.835849065611281361e+00,1.567389319198430941e+00
3.428600935079254786e+00,-4.283172066904843978e-01
-6.556484739931024208e+00,3.459687413785511034e-01
4.998047660236033529e+00,-6.762680454536831309e-01
-3.854067217345943597e+00,1.061681003292008763e+00
-2.095113665530997427e+00,1.154656837474735825e-01
1.839043296383252590e+00,-6.265541772256861819e-01
-4.090149549708538501e+00,7.528337342976381130e-01
7.490310836676232320e+00,3.249673677498272628e-01
1.078929441185867422e+00,2.344270341672509417e-01
7.153445411689205891e+00,-1.435137601964911816e-02
-5.851097818790133687e+00,2.158977315834683941e-01
-4.603440329841593126e+00,-9.624628285029219743e-01
-1.778772787423709589e+00,2.683163266329546826e-01
-2.440169682980537935e+00,-1.673394799616041706e-01
-1.079733675376981783e-01,1.317957097019675450e+00
8.487406726851598471e-01,2.923013490615070098e-01
1.878439055074723640e+00,-5.483749067641757735e-01
4.002100563909626985e+00,-1.977087915458358991e-01
-1.467265147474664966e+00,-6.754867299097437883e-01
-4.417953699109376409e+00,-6.286502494431426280e-01
-3.199218032610558371e+00,7.354075898255545418e-01
-2.217992220989595253e+00,-1.270913976658774480e+00
-9.316199045762804332e+00,3.134829274474862926e-01
-5.763764236422802556e-01,5.272026357109551586e-01
-2.860718350910902430e+00,7.282647799182617732e-01
-1.886228719940862275e+00,-1.064059348106700220e+00
-6.435848502366774859e+00,1.122812556534361406e+00
-1.163479543259834381e+00,1.025580467647701777e-01
-1.344551833446634648e+00,4.792526026433867048e-01
3.832971578648427968e+00,5.005851165630886834e-01
1.259997846202340011e+00,2.413367217441188609e-02
6.572672907653578367e-01,5.130342477730472917e-01
3.983772427202189270e+00,-6.778395257256594197e-01
4.764021357361353459e+00,4.634722445927598189e-01
-1.198002954438114775e+00,3.364377451088645943e-01
-4.222116729270772417e+00,-4.413027250933312939e-01
-2.542841012197869954e+00,4.918952402149021630e-01
8.930717798895304593e-01,-5.840179750575432704e-01
2.857209693459873190e+00,-2.019096740749203034e-01
-3.842965473918956931e+00,1.725136529313004763e+00
-3.681311723933083258e+00,-7.348695511316604145e-01
1.588468591175501654e+00,1.223804179439476725e+00
1.948929882934489655e+00,-6.671700787560923551e-01
-4.282093335507181742e+00,-1.260782992451579210e+00
4.615677711989254917e+00,2.165431208754794168e-01
-1.423622400955781409e+00,5.714621691996198960e-01
-1.025098488266237728e+00,-1.063544486727313193e-01
-5.429880793212967127e+00,-5.218994629954176734e-01
8.602111167023253069e-01,9.929850228623748887e-01
-4.347476064857830558e+00,-1.210309310930423043e+00
-1.636965851234765346e+00,1.359301251347028172e-01
-1.711744716011057488e+00,2.804446359979955172e-01
7.714885329036980544e+00,-8.235617812799099768e-01
3.864751000768718914e+00,1.233312456347751551e+00
8.142699265869289604e+00,7.713613975486687258e-01
1.680953487079616560e+00,-4.308203454075427985e-02
-4.265655057679368589e+00,-5.883617976592772081e-01
-9.076347979093355445e-01,1.862207523746158000e-01
3.812773344769516903e+00,-8.175825154403897344e-01
-2.852229181945107772e+00,8.548004522557507423e-01
1.011948440047592435e+00,-5.562615681249348798e-01
-4.412610316159567780e+00,-8.950309557966719398e-02
1.897644269354523683e+00,1.666764562326723542e-01
2.973985418277595105e+00,1.882719137984517899e-01
6.735004529582100830e+00,2.566283724852209680e-01
3.070605438481851301e+00,-1.978928437377663330e-01
-4.394277581247694187e+00,1.577566159110985078e+00
1.302739294278890236e+00,5.807093234395473841e-02
-1.567609611561112226e+00,-5.564329698905472465e-01
-2.801803874564647412e+00,-8.394549998116664913e-01
-6.224592221571497497e+00,1.444962186259957648e-01
-1.353813754783620427e-01,4.998036121138980659e-01
-3.635121284639645456e+00,-3.494200337169696691e-01
-7.075816267481222610e+00,-4.370588153865358483e-01
2.592774539058805949e+00,-1.153654889869146105e+00
-6.259059323311563894e+00,5.717674122781929436e-01
5.885733810375050057e-01,9.158106395919732856e-01
1.374159508649199779e+01,-4.733024627142294327e-01
-4.996498333468267994e+00,-8.529508344020990673e-01
4.589502177171588926e+00,-1.013828378362869653e+00
3.022404558121523532e+00,-5.475370138801579634e-01
-1.123632803380228973e+00,-5.726600463092464122e-02
-4.039023334791097319e+00,-4.138168107469628043e-01
6.451803934462619239e+00,-8.157663780574249124e-01
-6.297079961636282697e+00,5.486704335321171966e-01
-3.031172533247887380e+00,-4.279666623674364123e-01
-3.750139276177069103e+00,1.467823589813487040e+00
-2.450299790270240141e+00,-9.038755692227214977e-01
7.294297039411553385e+00,4.555324957981826683e-01
5.376241670896612090e-01,7.981032818573535748e-02
-4.950581386147213103e-01,2.875348021714754787e-01
-1.722248794673996164e+00,-3.849320919387102524e-01
1.089832035242884078e+00,-7.143262198046700095e-02
-4.874220961946314823e+00,-8.374331252692003291e-01
-7.279663391498519154e+00,-9.505238585080835190e-01
-2.998988611084072442e+00,2.299642786816511186e-01
-4.437109545883870521e-01,1.891830611066590562e-01
2.303948809880552506e+00,4.012181020554329569e-01
-2.483014258726300660e+00,2.152228503468454554e-02
-4.448294717517266683e+00,-2.890765762920036730e-01
2.477493770990343513e+00,-9.792384147176557141e-01
1.347457109479133308e+01,-1.535078107028193806e-01
-4.933744738876520985e-01,6.399744275381565872e-01
-7.628122075886463627e+00,2.242197343230618034e-01
-2.650834536345890058e+00,-5.390839362894844777e-01
-2.171402919931559428e+00,-9.386914639045823572e-01
-2.109085869283411796e+00,7.133995255847817019e-01
3.242572435538954245e+00,-9.753135198215494572e-01
2.997263016720157047e+00,8.160914255631098735e-01
-9.060137985264031801e-01,-1.122719915677593994e+00
4.068089708079843270e+00,1.593803034329079049e-01
7.745521058720083118e+00,-6.664886833317102965e-01
-2.378635098295196926e+00,-1.271929443027573159e+00
1.516847586585663876e+00,-2.629189345472406347e-01
1.640848799814523140e+00,1.434783305837069589e-01
-1.816462185001126217e+00,1.869785228080864670e-01
1.734992774738362442e+00,-1.035597170369403353e+00
1.543896094691350918e+00,-5.819674784914370402e-01
3.760062665874887244e+00,4.294662233255373551e-01
-1.611915272031544832e+00,9.665438255477189211e-02
-3.204633695189293419e-01,5.231128014028304518e-01
-5.479336746751652498e+00,-1.470786408561854941e+00
6.145522525687417748e+00,3.823822715715793352e-01
-9.863988720701987178e-01,-2.836322042230743912e-01
4.257410846774522639e+00,-1.804760181930867180e+00
-2.189881256248922270e+00,2.062459162431564547e-02
2.411277656760742794e+00,-5.873011940473498171e-01
4.050195122701970574e-01,-4.945249331881388932e-01
7.657685420672382115e+00,3.401736693211502849e-01
7.084685672692327074e+00,-3.467062307718699055e-01
-1.794636344237934944e+00,5.341895619498617798e-01
3.279655660902033087e+00,8.870636552202899594e-01
2.865063113294357144e+00,3.182606512324734904e-01
1.838782836919294672e+00,2.597379746846963378e-01
4.306891052004672815e+00,-2.049368729943562284e-01
5.390471017089351058e+00,-1.316228712619985086e-01
-8.510175444328170746e-01,1.119423977068118581e-01
2.172109836671383132e+00,-1.209130482689660724e+00
1.643822704834770221e+00,8.265166109032716646e-01
4.975671167670644657e+00,7.461847018041207757e-01
4.402949424860686634e+00,1.391465463541446068e+00
2.815596708286262295e+00,-7.007296829796236803e-01
-2.897282435456824068e+00,1.075698521683595477e+00
8.332740746823162681e+00,1.642650989680249363e-01
-2.329934750225763018e+00,-5.312424927686510978e-01
-2.102510730613388557e+00,-5.575942982170334350e-01
-2.714383978729432823e+00,7.466917437595211871e-01
3.934405434529869017e-01,2.469327127635327288e-02
2.545831604888010524e+00,-1.068560739462759202e+00
1.013712788200711978e+00,9.211547587423524197e-01
-3.087350064298807872e+00,5.494662600272405273e-01
2.705258002059678368e+00,1.083503215715842183e+00
2.095882263156731429e-01,4.936650673737485451e-01
-1.105392097133893969e+01,5.660590319233227419e-01
4.704744380468551590e+00,1.508630672598587352e-01
-1.330979580796668005e+00,8.851061980804526552e-01
-1.995057356164514406e+00,9.455080667626667434e-01
4.744812214687226692e+00,1.163724276327552598e+00
1.959612181063462799e+00,-1.534786021936382638e-01
4.018496892136463217e+00,6.471904248509802171e-01
-1.846532572136553307e+00,-8.295779264102636219e-01
-2.325541721435737674e+00,-1.947956112835179221e+00
2.071675259406104974e+00,2.798628924733805867e-01
1.327693672400866998e+00,-3.451870573326237812e-01
-1.335510413868136625e+00,2.045359611084606177e-01
-5.584462214574287486e+00,3.669829072504861983e-02
-6.754335233767537083e+00,3.724347887501943677e-01
9.573902604636250757e+00,-3.868538885107835612e-01
-6.629590021588045445e-01,-3.419552233216865411e-01
-6.026410014026695183e-01,-2.294614217690454649e-01
2.659162932514598676e+00,-1.380618110886801253e-01
3.959588157120581542e+00,1.951444596126629683e-01
-3.220259306313313807e+00,7.642038040543736033e-01
-2.344413514025708967e+00,1.372122321751693352e+00
6.178376992421751979e+00,5.270382392756317591e-01
1.447201302330347383e+00,-4.055336057105785041e-01
-5.451553215943996555e+00,7.645663479937844231e-01
-7.014491143742725754e+00,2.009715179652860340e-01
4.562931852524532594e+00,5.853415178123937412e-01
-2.653589016512846843e+00,-9.705327782282198168e-01
4.704019492226523269e+00,-8.297993499571271192e-01
3.584539867608105279e+00,3.269388003496814243e-01
3.256720495995219622e+00,7.848879576430827232e-01
1.211627833490964923e+00,-7.544503639125972327e-01
6.062537689827054876e+00,1.064093449021176863e+00
-4.622544292209140870e+00,-1.096229797552361385e+00
-1.899541894564700240e+00,9.718785460467620485e-01
4.610101903806160806e+00,9.694369064351789911e-01
7.213806410397683777e+00,1.248532148165438782e-01
2.027532662576699007e-01,-4.887627057917143247e-01
-6.738512677750880364e+00,4.191694093905624086e-01
7.652892804383429337e-02,3.889614960243995001e-01
6.795886555123576755e+00,-8.408790534085910373e-01
-6.755677167227867042e-01,-4.364250612360273673e-01
7.189360186922213458e-01,1.467799929397453629e-01
3.559364944603964798e+00,1.908977339718547661e+00
8.391690717321838022e+00,3.289081169108825642e-01
1.392994106235817098e+00,-9.760930537771411730e-01
9.623192214815919243e+00,1.502464965317843459e-01
2.649489197316025280e+00,-2.552256478672966233e-01
-4.770930780471978494e+00,-2.818094081846240218e-01
-5.361545119403852144e-01,-1.750787851252971983e+00
-1.542417068067164720e+00,-6.676304334589390141e-03
2.895952398612575251e+00,1.709739901180309662e-01
7.007190802759868387e-01,1.051771238498096395e+00
-6.344200137492554958e-01,3.651294941994535637e-01
1.095604944049764606e+00,-4.786996418900274497e-01
-2.357575999839410130e+00,-3.426128111774839891e-01
-8.251229286343162883e+00,-9.555006640156227249e-01
-7.499858539445817485e+00,-1.048569857440122988e+00
-6.990779968395859356e-01,3.169204732282384085e-01
3.959963807900629629e+00,-1.491112693621437391e+00
-3.027676114147549224e+00,2.249855457262156744e+00
-6.867192014145413914e+00,9.358525244812252453e-01
3.244710239437644805e+00,-2.362067353833856576e-01
-2.332010146112398097e+00,1.042489677622356448e+00
-3.414097168218967471e-01,1.005806195885645904e+00
-2.158807156427279939e+00,2.223123418975961052e-01
7.282603822812857564e-01,2.291081863776144867e-01
-3.602975555779744266e+00,1.741070512002187987e-01
1.769408977571100383e+00,-4.755476351997692253e-01
6.930978570937901040e+00,-7.610477415086991382e-01
-6.101288970560498903e+00,6.217573976575835326e-01
-5.789805644966006248e+00,1.418635505212244852e-01
-6.849253968625372835e-01,-1.573650253099069252e+00
-1.996397580022947649e+00,3.916581232159960929e-02
-2.989372783584536286e+00,1.219579901968893543e-01
4.210869315640083377e-01,9.490736543754791921e-01
-3.135074916569428716e+00,4.517305317783629759e-01
1.895859260618147912e+00,-5.269877231729632738e-01
-2.326596287759668813e-01,-3.361657468813805116e-01
-1.039305396274307958e+00,-3.648733675419892908e-01
5.302499532344956634e+00,-7.004254237235719993e-02
7.611615490168548437e-01,-1.585565764074565953e+00
2.463123905248437939e+00,-8.591545119603170022e-01
8.696892359707323550e+00,8.907036212570369482e-01
1.453366878041514765e+00,4.206982351451995505e-01
-2.758421260533719943e-01,-5.301661886588151518e-01
-6.232404670607415431e-01,-8.364344101298504253e-01
5.776528441463174346e+00,1.124905539987414160e-01
-3.164584517482185166e+00,5.928856969244578751e-02
8.497203858567909052e+00,-1.223389159016254335e-01
4.596623388871023508e+00,3.481319575053871129e-01
-5.484511484812129467e+00,1.160381430239130958e-04
4.276352908573921141e+00,-5.893806400689707292e-01
2.642175738056857348e+00,9.254219185182713803e-01
4.340974847568915607e+00,1.231063392175656634e+00
-1.433559456817927291e+00,4.696524378230795271e-01
1.204335577753790965e+00,-2.675494038987638601e-01
-6.959152587571858506e-01,-1.504716955335164419e-01
-2.983474916538209065e+00,-4.400015531201498242e-02
3.784893024869038669e+00,-2.596503490785357360e-01
-1.890643308644476495e+00,-1.573434260100031179e-01
3.220584905140848164e+00,-7.520315165063641283e-01
3.830514285111517481e+00,1.137438484562719676e+00
5.958087208320367978e+00,-3.779737314090866884e-01
1.089786629909266225e+00,-1.041678274448298441e-01
3.265867317378490231e+00,-5.771040680352065300e-01
2.543215332202036549e+00,-1.405304418297074642e+00
-1.439062484172606293e+00,2.338381204507329267e-02
1.100418846554223506e+01,3.844822615760373208e-01
-2.578716507610141040e+00,8.851772741108626663e-01
-3.029815094530471153e+00,6.753125864035032233e-01
-2.445358428778733995e+00,-2.078423648452092654e-01
3.674643945903156350e+00,8.415066916258950869e-01
-1.872357096885062466e+00,4.237110007369451065e-02
-2.974493510299980326e+00,-2.151863324684953616e-01
4.350214378975139518e+00,1.130007794469827243e-01
-7.425092344289897284e+00,3.751012938397166319e-01
-5.578835071153741332e+00,1.205253153033970515e-01
-1.518503038622620815e+00,6.063382408778780208e-01
5.075325778797245668e+00,1.320897878467097275e+00
3.144150753755941885e+00,2.332587839124546092e-01
5.322795113775462106e+00,9.575806012989419858e-02
3.862955650724503531e+00,-5.763377002063337917e-01
-6.514803928364754526e+00,4.131623282629980770e-02
-1.483903289447584761e+00,-9.491491488063015236e-01
-1.703376870897529649e+00,-1.229931445832064957e-01
-3.523394151166459931e+00,1.709768146989407156e-02
4.703534143850806259e+00,-6.305972601141902611e-01
5.734659574830344830e+00,5.790186305227876945e-02
-5.096092226724496577e+00,7.651862687059191037e-01
1.405924495124446727e+00,-1.896044247606896993e-01
-2.486161549690917294e+00,-1.062962977408752480e-01
-6.700057751817884544e+00,-3.669062008674147113e-01
-8.323560038808668793e+00,9.817783154845354243e-01
6.990709541227264623e+00,2.758099583241218067e-01
4.076974181914414075e+00,1.427767487024846460e+00
5.532236132594942291e+00,3.593078648191495861e-02
5.507799355861172863e+00,-4.508019652116384557e-01
-3.504786834457474853e+00,-3.598588476040812112e-01
-2.647277799215653094e+00,9.960528129079702087e-01
4.982587828901528404e+00,2.841491197477827302e-01
-6.234387413574203229e+00,2.800910117951154188e-01
-5.594987259992972639e+00,-1.458260374584059438e+00
5.454350505098216395e+00,7.895202529421115056e-02
4.061011114437230174e-01,1.101801609746485555e-01
-3.081232865741559301e+00,5.387493522142630109e-01
-7.219576025716958334e+00,2.205196842618126485e-01
4.229535721432054807e+00,-6.426171930891317885e-01
4.645529145482633737e+00,3.651619354959620978e-01
1.751622536571172617e+00,1.253568604994447500e-01
1.041273792115891661e+00,-2.158913236483229331e-02
9.237769839489949897e-01,-2.368235600554661757e-01
1.886800518461460019e+00,9.793137001808234210e-01
-3.170575404505726613e+00,6.350888392349890443e-01
-9.529941370168518944e+00,2.825157775642898605e-01
-3.100124795308500492e+00,-3.662918649191360676e-01
-2.873890695216319457e+00,-1.030763873214669779e+00
3.058914017188964607e+00,-4.773904564159964226e-01
4.104343716376533280e+00,-6.450400521940070908e-02
4.790679289598107182e+00,-6.001367643240634181e-02
6.705330241603909558e-01,1.586117531698486294e-01
-3.252048864304457609e+00,2.926192573817380516e-01
6.518318873503647026e+00,-9.700655477839877916e-01
-3.130419859241791447e-01,7.687404814460158109e-01
-2.436228975001238251e+00,1.395799973561353990e+00
9.231404516042702735e-01,-1.146877825379398530e+00
3.809598887585095850e-02,-7.509099910828903601e-01
8.712232591026343176e-01,-1.146036176175399879e+00
-1.068430431284303816e+00,4.855517686747869432e-01
-5.585891706690009784e+00,4.085350312057644540e-01
-3.476426122269009156e+00,-1.835677352703421750e-01
3.682546577123466669e-01,-1.037172602622854489e+00
-9.424944477901466833e-01,-1.116434672153144181e+00
-1.040920927456800094e+01,-4.829224361898548090e-01
6.630177031423829526e+00,-4.699206476905890550e-01
-1.997681816283557676e+00,1.240696455576374646e+00
-8.720154367874421997e-01,2.249962986706910972e-01
-7.468806214673929134e+00,-4.145024205977332343e-01
6.174214899222352226e-01,1.556206254503966768e+00
8.490535096432048068e-01,1.054369859735331039e+00
-4.720493477995531428e+00,-1.101032676681652500e+00
-8.890764980339485035e-01,3.018194583109210516e-01
4.224947368682346216e+00,-2.171483705106243556e-01
2.420884068875206019e+00,1.547486540688953194e-01
5.855786802540792202e+00,6.325258763898515824e-01
-5.255962639204942555e+00,-8.670860699375786407e-01
3.997878223360912031e+00,2.348753597856572672e-01
4.208519230889152807e-01,7.105818074260531469e-01
9.047171692020761213e+00,7.935097332817526716e-01
5.848397278894755580e+00,-1.690015950730135996e-01
4.973266809065914451e+00,6.519256198904257449e-01
2.772672126815837412e+00,-7.594061619761783843e-01
-2.306073922264206377e+00,-5.045330252327111520e-01
-4.478425296904643971e-01,4.212516296929621484e-01
-1.565892791129541051e+00,-1.115627516835313582e+00
-6.962939206736411535e+00,2.041669547757900549e-01
-1.901285040938924364e+00,1.325257704052367203e-01
-5.054554995285412966e-01,-8.609241343132124635e-01
1.481621737571071407e+00,-7.148961953360716270e-01
9.246708568689802732e+00,5.339810347526573464e-01
7.898308258629983536e-01,-3.301475442271020189e-01
-5.942477857776194305e+00,2.645934644724995399e-01
2.825369215420369784e+00,6.906017214543788141e-01
-4.276584072922847923e+00,-7.370688844024200215e-01
-1.552800741003250273e+00,2.604213913334179620e-01
-2.974903827823078384e+00,1.145463489473194513e-01
-1.445523789901583589e+00,-1.186395070815083469e-01
-6.370749696994152389e-01,-1.698098356467726333e+00
1.267408674506835142e+00,-1.169040554111592911e+00
-1.750818895059700564e+00,-7.169786965181962346e-02
2.961529069835561412e+00,3.073136855157312386e-01
5.445470742935522024e-01,-2.430242121003705902e-01
